Community,Num,Id,Request_format,Request,Batch
Wikipedia,1,448758,Answered at &lt;url&gt;. Maybe you are not familiar with the expression?,Answered at <url>. Maybe you are not familiar with the expression?,a
Wikipedia,2,367359,"Btw, ignoring the London stations it looks like your bot has &lt;url&gt;. Has this happened elsewhere?","Btw, ignoring the London stations it looks like your bot has <url>. Has this happened elsewhere?",a
Wikipedia,3,622653,Because Wikipedia is an encylopaedia not a free advertising and self promotion venue. Why do you keep abusing it?,Because Wikipedia is an encylopaedia not a free advertising and self promotion venue. Why do you keep abusing it?,a
Wikipedia,4,350825,"""''Images with iconic status or historical importance: As subjects of commentary.''"". Listen, it's just trivial to look up, could you take the care of actually reading these policies before arguing over them?","""''Images with iconic status or historical importance: As subjects of commentary.''"". Listen, it's just trivial to look up, could you take the care of actually reading these policies before arguing over them?",a
Wikipedia,5,348828,"May I also ask how CheckUser became involved in the matter? To justify such a use of computer records, surely someone needs to invoke a due process of some kind for the action to be justified?","May I also ask how CheckUser became involved in the matter? To justify such a use of computer records, surely someone needs to invoke a due process of some kind for the action to be justified?",a
Wikipedia,6,143,"Good work on the canal junctions! Where appropriate, do you think we should give the nearest pedestrian access point, from the road (as opposed to canal) network?","Good work on the canal junctions! Where appropriate, do you think we should give the nearest pedestrian access point, from the road (as opposed to canal) network?",a
Wikipedia,7,297566,What is a wall these days? 10 sentences?,What is a wall these days? 10 sentences?,a
Wikipedia,8,550560,"I see a ""remove protection"" tab on the &lt;url&gt;, which tells an admin that the article is protected. Are you still able to edit it?","I see a ""remove protection"" tab on the <url>, which tells an admin that the article is protected. Are you still able to edit it?",a
Wikipedia,9,354110,"Why delete the page &lt;url&gt; with no explanation, as an act of deliberate vandalism? Why did you do it?","Why delete the page <url> with no explanation, as an act of deliberate vandalism? Why did you do it?",a
Wikipedia,10,622398,"Thanks a ton for looking that up for me. For the purposes of a citation, what are the page numbers for the whole article?","Thanks a ton for looking that up for me. For the purposes of a citation, what are the page numbers for the whole article?",a
Wikipedia,11,521809,Is this okay? Or OTT?,Is this okay? Or OTT?,a
Wikipedia,12,388839,"Hi, &lt;name&gt;, I was just wondering why you did &lt;url&gt;. If in your opinion that text shouldn't be there, why not just delete it completely?","Hi, <name>, I was just wondering why you did <url>. If in your opinion that text shouldn't be there, why not just delete it completely?",a
Wikipedia,13,206259,"Also, both &lt;url&gt; and &lt;url&gt; wikilink ""hiatus"", which goes to a disambiguation page. What meaning of the word did you intend?","Also, both <url> and <url> wikilink ""hiatus"", which goes to a disambiguation page. What meaning of the word did you intend?",a
Wikipedia,14,394910,"I am puzzled by your ""fixing"" of the recursion formula at &lt;url&gt;. Why do you consider it important to put ''B''&lt;sub&gt;''k''&lt;/sub&gt; ''before'' rather than ''after'' the binomial coefficient?","I am puzzled by your ""fixing"" of the recursion formula at <url>. Why do you consider it important to put ''B''<sub>''k''</sub> ''before'' rather than ''after'' the binomial coefficient?",a
Wikipedia,15,620687,"That's ""fucking consistent naming-schemers"", please. Unless there's some actual reason for a) restriction to highways, b) infeasibly small stub categories, and c) inconsistent capitalisation?","That's ""fucking consistent naming-schemers"", please. Unless there's some actual reason for a) restriction to highways, b) infeasibly small stub categories, and c) inconsistent capitalisation?",a
Wikipedia,16,506658,Hey &lt;name&gt; I have a quick question - do you do photo requests in NOVA and/or DC?,Hey <name> I have a quick question - do you do photo requests in NOVA and/or DC?,a
Wikipedia,17,488272,Nothing messed up from where I'm sitting. What kind of messed up?,Nothing messed up from where I'm sitting. What kind of messed up?,a
Wikipedia,18,237849,"Regarding &lt;url&gt;, &lt;url&gt; says not to redlink in See also (asking people to also see something non-existing would be strange). Are you planning an article or misspelled an existing article?","Regarding <url>, <url> says not to redlink in See also (asking people to also see something non-existing would be strange). Are you planning an article or misspelled an existing article?",a
Wikipedia,19,555289,"I was thinking on it, but one question: I see several articles either deleted or promoted to Featured Article after the oldid the sweeps uses. I'm assuming we simply ignore these?","I was thinking on it, but one question: I see several articles either deleted or promoted to Featured Article after the oldid the sweeps uses. I'm assuming we simply ignore these?",a
Wikipedia,20,622922,That is weird. What happens if you create Usor:Rolandus?,That is weird. What happens if you create Usor:Rolandus?,a
Wikipedia,21,342386,I think we're going to just have to agree to disagree on whether it is a sub genre or fusion then! Can we at least agree to leave the three genres on Dookie as they are?,I think we're going to just have to agree to disagree on whether it is a sub genre or fusion then! Can we at least agree to leave the three genres on Dookie as they are?,a
Wikipedia,22,446216,"Thanks for the redirect help! Is that something I can do myself in the future, or is that an admin thing?","Thanks for the redirect help! Is that something I can do myself in the future, or is that an admin thing?",a
Wikipedia,23,208007,Do You have the list of other flag bearers from other countries? And do you have a video link of the parade of nations?,Do You have the list of other flag bearers from other countries? And do you have a video link of the parade of nations?,a
Wikipedia,24,109408,It is being suggested on &lt;url&gt; that the recent round of editing of &lt;url&gt; in which you were involved amounted to no more than sanitisation. Perhaps you could advise?,It is being suggested on <url> that the recent round of editing of <url> in which you were involved amounted to no more than sanitisation. Perhaps you could advise?,a
Wikipedia,25,390848,"Looking at Kotorkid's contributions on &lt;url&gt;, three hours seems too short for a block. Considering that their three and only edits were all vandalism, would you support an indef-block for vandalism-only account for them?","Looking at Kotorkid's contributions on <url>, three hours seems too short for a block. Considering that their three and only edits were all vandalism, would you support an indef-block for vandalism-only account for them?",a
Wikipedia,26,623298,"As another aside, they are mostly Germans. What's up with that?","As another aside, they are mostly Germans. What's up with that?",a
Wikipedia,27,34843,The profile seems good as it is. Why don't we bring this back up after the Hibiki 2-parter?,The profile seems good as it is. Why don't we bring this back up after the Hibiki 2-parter?,a
Wikipedia,28,241254,US national defense for the twenty-first century: the grand exit strategy By Edward A. Olsen. did you read p 179 and 181?,US national defense for the twenty-first century: the grand exit strategy By Edward A. Olsen. did you read p 179 and 181?,a
Wikipedia,29,21906,"what do you think was the purpose of this Fesselballon? if it wasn't military, what was the point in shooting it down?","what do you think was the purpose of this Fesselballon? if it wasn't military, what was the point in shooting it down?",a
Wikipedia,30,629684,Out of curiosity what are you testing? How are things going?,Out of curiosity what are you testing? How are things going?,a
Wikipedia,31,629602,"Ok, I'd agree about &lt;url&gt; being better. Should I delete the other one (you could also tag it for speedy deletion as a mistake)?","Ok, I'd agree about <url> being better. Should I delete the other one (you could also tag it for speedy deletion as a mistake)?",a
Wikipedia,32,210822,"Thanks for your support! Would you consider commenting on the &lt;url&gt; talk page, saying it has your support (and adding those comments for discussion)?","Thanks for your support! Would you consider commenting on the <url> talk page, saying it has your support (and adding those comments for discussion)?",a
Wikipedia,33,264394,Would you like to elaborate? How are you empowering me exactly?,Would you like to elaborate? How are you empowering me exactly?,a
Wikipedia,34,279719,"As you've noticed, I'm on a tear through general topology, which was going well, until I went to revise/merge/update &lt;url&gt;, when I stumbled on a very simple conceptual issue. Could you look at the talk page, and tell me what I'm doing wrong?","As you've noticed, I'm on a tear through general topology, which was going well, until I went to revise/merge/update <url>, when I stumbled on a very simple conceptual issue. Could you look at the talk page, and tell me what I'm doing wrong?",a
Wikipedia,35,120107,"Hi. I'm not disputing your reversion of my edit, but would you please point to any other article that has a reading list that is 100% from a single author?","Hi. I'm not disputing your reversion of my edit, but would you please point to any other article that has a reading list that is 100% from a single author?",a
Wikipedia,36,159127,"What are you looking for regarding reliable sources? Of the above statements, what needs to be sourced outside of the manga itself?","What are you looking for regarding reliable sources? Of the above statements, what needs to be sourced outside of the manga itself?",a
Wikipedia,37,596018,"Thanks for the help! That info should be on &lt;url&gt; in easy to read form, no?","Thanks for the help! That info should be on <url> in easy to read form, no?",a
Wikipedia,38,421199,"Yes, I do, but Norris is generally better. What points/issues do you think it should also cover?","Yes, I do, but Norris is generally better. What points/issues do you think it should also cover?",a
Wikipedia,39,621917,"Those of us who've been here the whole time are pretty incredulous about it also. :) We miss your fine editing style and hope you come back sometime -- keep looking in on us now and then, at least?","Those of us who've been here the whole time are pretty incredulous about it also. :) We miss your fine editing style and hope you come back sometime -- keep looking in on us now and then, at least?",a
Wikipedia,40,62073,Fatwa? What is that?,Fatwa? What is that?,a
Wikipedia,41,535410,"I see. What about ""Main Church""?","I see. What about ""Main Church""?",a
Wikipedia,42,580856,"Could you please explain to me what the buttons do? How do you ""Not accept"" a change, that's what...you revert it, don't you...?","Could you please explain to me what the buttons do? How do you ""Not accept"" a change, that's what...you revert it, don't you...?",a
Wikipedia,43,607777,to the Citations missing template. What's the deal?,to the Citations missing template. What's the deal?,a
Wikipedia,44,277176,"Hi, I've added a question to your Request for Adminship. Also, could you elaborate on how you will ''prevent'' vandalism?","Hi, I've added a question to your Request for Adminship. Also, could you elaborate on how you will ''prevent'' vandalism?",a
Wikipedia,45,134361,I got the page fixed. Sorry I had to do it several times on the page but it wouldn't let me revert it to before the IP user vandalized it how do you do that?,I got the page fixed. Sorry I had to do it several times on the page but it wouldn't let me revert it to before the IP user vandalized it how do you do that?,a
Wikipedia,46,444059,I'm trying to keep Minority Report as a Good Article and the &lt;url&gt; requested for copyediting - but didn't give examples to cleanup. Can you give me some input on what to rewrite?,I'm trying to keep Minority Report as a Good Article and the <url> requested for copyediting - but didn't give examples to cleanup. Can you give me some input on what to rewrite?,a
Wikipedia,47,38632,"Molte grazie, just one last thing, if this is the only source then how I'm supposed to cite it there. Do you have any better way?","Molte grazie, just one last thing, if this is the only source then how I'm supposed to cite it there. Do you have any better way?",a
Wikipedia,48,133723,"If you can't back up that I've used it in WP with a diff/evidence, do you feel that it's appropriate to say that I've used the term in the context such as the diff I provided above? If so, why?","If you can't back up that I've used it in WP with a diff/evidence, do you feel that it's appropriate to say that I've used the term in the context such as the diff I provided above? If so, why?",a
Wikipedia,49,209322,What do you think? And how does one go about establishing this project group?,What do you think? And how does one go about establishing this project group?,a
Wikipedia,50,369741,"I will understand if you decline, but would very much like you to accept. May I nominate you?","I will understand if you decline, but would very much like you to accept. May I nominate you?",a
Wikipedia,51,257936,I thought that only section tags go into sections while the article tags go to the top of the page so they could serve it's purpose. Is there a Wikipedia guideline that can substantiate your revert?,I thought that only section tags go into sections while the article tags go to the top of the page so they could serve it's purpose. Is there a Wikipedia guideline that can substantiate your revert?,a
Wikipedia,52,241828,"Hmm, now I feel ignorant. Are you aware of a good source we could stick in the article to back this up?","Hmm, now I feel ignorant. Are you aware of a good source we could stick in the article to back this up?",a
Wikipedia,53,84622,&lt;url&gt; shows that Geo Swan has become active and &lt;url&gt; indicates that the problems mentioned at the RfC may be continuing. Would you close the RfC with the drafted summary?,<url> shows that Geo Swan has become active and <url> indicates that the problems mentioned at the RfC may be continuing. Would you close the RfC with the drafted summary?,a
Wikipedia,54,137339,"I have looked back in my archives a year, and cannot find the issue concerned - although I certainly remember the name, your account, and the style. Can you give me the relevant link/diff, so I can refresh my memory and be best informed what action might be appropriate?","I have looked back in my archives a year, and cannot find the issue concerned - although I certainly remember the name, your account, and the style. Can you give me the relevant link/diff, so I can refresh my memory and be best informed what action might be appropriate?",a
Wikipedia,55,106275,I just sent you an email. Did it work?,I just sent you an email. Did it work?,a
Wikipedia,56,13662,"Ah well, if you are going to have such a bizarre flight of fancy as far as to calling it an attack page then perhaps I will remove it. Maybe you should also look at how you interact with others?","Ah well, if you are going to have such a bizarre flight of fancy as far as to calling it an attack page then perhaps I will remove it. Maybe you should also look at how you interact with others?",a
Wikipedia,57,89515,"Hi there. Regarding the comment you added &lt;url&gt;, how can this be verified?","Hi there. Regarding the comment you added <url>, how can this be verified?",a
Wikipedia,58,573934,"Not a whole lot of contrast with the letters now, if you've traversed the link. Maybe a green pattern is just not the right base color, if we are trying to avoid confusing with WP officialstuff?","Not a whole lot of contrast with the letters now, if you've traversed the link. Maybe a green pattern is just not the right base color, if we are trying to avoid confusing with WP officialstuff?",a
Wikipedia,59,297046,I hope this makes my concerns clearer. Perhaps we can work together to resolve them?,I hope this makes my concerns clearer. Perhaps we can work together to resolve them?,a
Wikipedia,60,148704,"I'm curious: how do you make those beautiful coats of arms? Do you have a script that generates them from the heraldic descriptions, or do you make them by hand?","I'm curious: how do you make those beautiful coats of arms? Do you have a script that generates them from the heraldic descriptions, or do you make them by hand?",a
Wikipedia,61,622223,"Unfortunately, I have no clue what you mean. Can you point me to a page that has such a feature?","Unfortunately, I have no clue what you mean. Can you point me to a page that has such a feature?",a
Wikipedia,62,888,Thanks for the heads up. He doesn't know any english?,Thanks for the heads up. He doesn't know any english?,a
Wikipedia,63,531742,"I took a quick look and I'm not up to reading through it properly at the moment. :) I'll be back on here tomorrow morning and I'll have a look then, if that's OK?","I took a quick look and I'm not up to reading through it properly at the moment. :) I'll be back on here tomorrow morning and I'll have a look then, if that's OK?",a
Wikipedia,64,273774,Hi &lt;name&gt; it is taking a while for Longhair to get back to me on a couple of things. Is he on wikibreak or something?,Hi <name> it is taking a while for Longhair to get back to me on a couple of things. Is he on wikibreak or something?,a
Wikipedia,65,507189,"Deleting Val Klassen's page. I redirected it to the creator's talkpage, wasn't that enough?","Deleting Val Klassen's page. I redirected it to the creator's talkpage, wasn't that enough?",a
Wikipedia,66,509055,I'm afraid I don't entirely understand what you mean. Is there some conflict with using user authorization and the GPL license?,I'm afraid I don't entirely understand what you mean. Is there some conflict with using user authorization and the GPL license?,a
Wikipedia,67,445252,"The policy is tricky - I guess it comes down to whether or not you think the account is going to be disruptive, and whether it is appropriate to guess that ahead of time. On the other hand, looks like another overreaction to &lt;name&gt; in my opinion - what do you think?","The policy is tricky - I guess it comes down to whether or not you think the account is going to be disruptive, and whether it is appropriate to guess that ahead of time. On the other hand, looks like another overreaction to <name> in my opinion - what do you think?",a
Wikipedia,68,204594,Who???,Who???,a
Wikipedia,69,457189,Can you help with this user:&lt;url&gt; I suspect that it is sockpuppet of banned user Bonaparte and he vandalizing various articles related to Romanians and Vlachs. Can we do something about it?,Can you help with this user:<url> I suspect that it is sockpuppet of banned user Bonaparte and he vandalizing various articles related to Romanians and Vlachs. Can we do something about it?,a
Wikipedia,70,469273,"Is there any reason you keep moving boldface marks? ITN is on my watchlist and you seem to do this quite frequently, yet, as far as I can see, it makes no difference, so I feel compelled to ask if there's any particular reason?","Is there any reason you keep moving boldface marks? ITN is on my watchlist and you seem to do this quite frequently, yet, as far as I can see, it makes no difference, so I feel compelled to ask if there's any particular reason?",a
Wikipedia,71,192707,"I always thought that even if you need an account to view the info, it was allowed to be used on Wikipedia. Like the Magazine references?","I always thought that even if you need an account to view the info, it was allowed to be used on Wikipedia. Like the Magazine references?",a
Wikipedia,72,354587,"Sorry, what? Could you be more specific please?","Sorry, what? Could you be more specific please?",a
Wikipedia,73,134181,"I don't have the full list online, but I do have the 07-08 AJHL record book. Are there any specific seasons or teams you are looking for?","I don't have the full list online, but I do have the 07-08 AJHL record book. Are there any specific seasons or teams you are looking for?",a
Wikipedia,74,627256,How does it feel being wikifamous??,How does it feel being wikifamous??,a
Wikipedia,75,292274,You're welcome. What else is peer review for?,You're welcome. What else is peer review for?,a
Wikipedia,76,219928,Why did you remove those German emigrant cases. Shouldn't we include those cases of people who was born in what was then Germany at the time?,Why did you remove those German emigrant cases. Shouldn't we include those cases of people who was born in what was then Germany at the time?,a
Wikipedia,77,394222,just wondering how the chapters were going. you think they are notable enough to have their own article?,just wondering how the chapters were going. you think they are notable enough to have their own article?,a
Wikipedia,78,164799,"What would the recommended sequencing be, then?... Good Article then Feautred Article recommendation?","What would the recommended sequencing be, then?... Good Article then Feautred Article recommendation?",a
Wikipedia,79,576947,"I noticed you added the Jean Chretien link to the homepage, which is nice, but you didn't put any comment for the changelog and you also didn't bump of the last article, you bumped off the 2nd last article. Why?","I noticed you added the Jean Chretien link to the homepage, which is nice, but you didn't put any comment for the changelog and you also didn't bump of the last article, you bumped off the 2nd last article. Why?",a
Wikipedia,80,207737,"In &lt;url&gt;, you removed a cartoon image of Wendy Thomas that had been used in the infobox on her article. I'm not very familiar with the NFCC policy you cite, so I was wondering if you thought that giving a rationale on the image for use in that particular article would bring it up to specs?","In <url>, you removed a cartoon image of Wendy Thomas that had been used in the infobox on her article. I'm not very familiar with the NFCC policy you cite, so I was wondering if you thought that giving a rationale on the image for use in that particular article would bring it up to specs?",a
Wikipedia,81,628231,"Also, 'topological proof'? Isn't 'proof' a bit strong?","Also, 'topological proof'? Isn't 'proof' a bit strong?",a
Wikipedia,82,625715,"When you say you emailed Crystal, do you mean ''Crystal Evans, AKA Country Girl in Girl Authority?'' She was the one who wanted me to recieve the Barnstar?","When you say you emailed Crystal, do you mean ''Crystal Evans, AKA Country Girl in Girl Authority?'' She was the one who wanted me to recieve the Barnstar?",a
Wikipedia,83,153143,I seem to have stuffed up creating 4 April 2009 very badly. Can you help?,I seem to have stuffed up creating 4 April 2009 very badly. Can you help?,a
Wikipedia,84,414976,"Hello. Regarding &lt;url&gt;, could you tell me what supports this being a free image?","Hello. Regarding <url>, could you tell me what supports this being a free image?",a
Wikipedia,85,234380,"Yes, I do have the Family Guy DVD collection, Volume 1, Seasons 1&2. What's up?","Yes, I do have the Family Guy DVD collection, Volume 1, Seasons 1&2. What's up?",a
Wikipedia,86,137251,"An editor you recently blocked for a week, &lt;url&gt;, is now editing the same articles and topics under an IP account &lt;url&gt;. Is this allowed or should it just be ignored?","An editor you recently blocked for a week, <url>, is now editing the same articles and topics under an IP account <url>. Is this allowed or should it just be ignored?",a
Wikipedia,87,627674,"I agree, and that is something that I have believed to be the case for a few weeks now, but &lt;name&gt; won't let me make any significant changes that would result as such. So has it been propsed that the material be merged?","I agree, and that is something that I have believed to be the case for a few weeks now, but <name> won't let me make any significant changes that would result as such. So has it been propsed that the material be merged?",a
Wikipedia,88,476597,I'm confused: what did you do? And how did you delete it twice without restoring it in between?,I'm confused: what did you do? And how did you delete it twice without restoring it in between?,a
Wikipedia,89,516456,&lt;url&gt;. What do you think should be done?,<url>. What do you think should be done?,a
Wikipedia,90,544688,"This would make a great addition to DYK, you know. (&lt;url&gt; :) It's just under a thousand wordsu2014maybe more of your thesis would like to make it onto WP?","This would make a great addition to DYK, you know. (<url> :) It's just under a thousand wordsu2014maybe more of your thesis would like to make it onto WP?",a
Wikipedia,91,172545,Iulius! Could you provide exact reference of article u017dirmu016bnai part ''Demographics'' ethnicity composition?,Iulius! Could you provide exact reference of article u017dirmu016bnai part ''Demographics'' ethnicity composition?,a
Wikipedia,92,71974,The race was advertised and billed as the 100th Indy 500. Are you saying the promoters and Indycar are liars?,The race was advertised and billed as the 100th Indy 500. Are you saying the promoters and Indycar are liars?,a
Wikipedia,93,447985,"As a timid Wikipedia end-user who never makes more than a rare grammatical or spelling edit, learning the history to be found on this talk page and Kate's userpage history makes me sad. Why is it that so many communities change the way they do as the size of the project they revolve around increases..?","As a timid Wikipedia end-user who never makes more than a rare grammatical or spelling edit, learning the history to be found on this talk page and Kate's userpage history makes me sad. Why is it that so many communities change the way they do as the size of the project they revolve around increases..?",a
Wikipedia,94,537248,Title says it all.&lt;url&gt; I dont have time to put up a page... but might I suggest &lt;url&gt;?,Title says it all.<url> I dont have time to put up a page... but might I suggest <url>?,a
Wikipedia,95,6478,Thanks. Do you happen to know if the postcard was origianlly published in Japan?,Thanks. Do you happen to know if the postcard was origianlly published in Japan?,a
Wikipedia,96,13280,"Sorry, but which talk page? I came across the graphic at &lt;url&gt; - is there another?","Sorry, but which talk page? I came across the graphic at <url> - is there another?",a
Wikipedia,97,599609,So....what's up with this article? Is it a joke?,So....what's up with this article? Is it a joke?,a
Wikipedia,98,532224,The content has recently been added to &lt;url&gt;. Would you consider changing your vote to delete?,The content has recently been added to <url>. Would you consider changing your vote to delete?,a
Wikipedia,99,629673,No problem. Have you heard anything new about HRE?,No problem. Have you heard anything new about HRE?,a
Wikipedia,100,334732,"Again samething with the second site, again outside of taking they're word for it how do we know they are are right. What is your opinion on the 2 logos in the forum discussion think they were made up?","Again samething with the second site, again outside of taking they're word for it how do we know they are are right. What is your opinion on the 2 logos in the forum discussion think they were made up?",a
Wikipedia,101,626770,"Your poorly written, bizarre comment makes no sense, since all of my edits in the Al Franken article conform to wikipedia's NPOV policy. What are you talking about?","Your poorly written, bizarre comment makes no sense, since all of my edits in the Al Franken article conform to wikipedia's NPOV policy. What are you talking about?",a
Wikipedia,102,459747,Howdy Resolute. Is &lt;url&gt; for real?,Howdy Resolute. Is <url> for real?,a
Wikipedia,103,102225,"I just reverted your addition of a fossil range template to &lt;url&gt;, because with only an arrow at the very right it didn't seem to add much useful information. Perhaps we could make a separate template to show only the Cenozoic or so, which would allow us to show more detail in these fossil ranges?","I just reverted your addition of a fossil range template to <url>, because with only an arrow at the very right it didn't seem to add much useful information. Perhaps we could make a separate template to show only the Cenozoic or so, which would allow us to show more detail in these fossil ranges?",a
Wikipedia,104,399040,That's making the fundamental assertion that the second source is reliable. Can you prove that it is?,That's making the fundamental assertion that the second source is reliable. Can you prove that it is?,a
Wikipedia,105,620486,? What?,? What?,a
Wikipedia,106,71828,"There seems to have been something wrong with the pages you made on the V8 Supercar Championship Series - a glitch with the ""align"" tags in the beginning infobox made the text grotesquely overflow the margins. I've trimmed these down; mind checking my work?","There seems to have been something wrong with the pages you made on the V8 Supercar Championship Series - a glitch with the ""align"" tags in the beginning infobox made the text grotesquely overflow the margins. I've trimmed these down; mind checking my work?",a
Wikipedia,107,475979,"Some links look notable, others do not, &lt;url&gt;. Thoughts?","Some links look notable, others do not, <url>. Thoughts?",a
Wikipedia,108,532687,You might be just the person I need- &lt;url&gt; has just been repeatedly vandalised and with ? German - in there - wonder what you would do with the vandal?,You might be just the person I need- <url> has just been repeatedly vandalised and with ? German - in there - wonder what you would do with the vandal?,a
Wikipedia,109,500692,"Hello, I know that the article &lt;url&gt; isn't exactly football related, but can you help out on &lt;url&gt;? and tell me if the article is ready for a GA nominee?","Hello, I know that the article <url> isn't exactly football related, but can you help out on <url>? and tell me if the article is ready for a GA nominee?",a
Wikipedia,110,303013,Based on what? Don't you think a little discussion is in order before doing this?,Based on what? Don't you think a little discussion is in order before doing this?,a
Wikipedia,111,300945,I tried to fix your problem with &lt;url&gt;. Is that what you were looking for?,I tried to fix your problem with <url>. Is that what you were looking for?,a
Wikipedia,112,475912,I was really unsure on what to do with &lt;url&gt; so I made it into a dab. That ok?,I was really unsure on what to do with <url> so I made it into a dab. That ok?,a
Wikipedia,113,520796,What do you think? Perhaps the coat of arms field can contain the picture that the article's family name infobox already has?,What do you think? Perhaps the coat of arms field can contain the picture that the article's family name infobox already has?,a
Wikipedia,114,343273,"I consider &lt;url&gt; to be the single most important edit I have ever made. God, what is happening with The Beatles coverage on Wikipedia?","I consider <url> to be the single most important edit I have ever made. God, what is happening with The Beatles coverage on Wikipedia?",a
Wikipedia,115,397759,I find it hard to believe one editor (even one so prolific as RickK) can have much of an effect overall. Do contributors on either side have any (non-anecdotal) evidence that suggests otherwise?,I find it hard to believe one editor (even one so prolific as RickK) can have much of an effect overall. Do contributors on either side have any (non-anecdotal) evidence that suggests otherwise?,a
Wikipedia,116,235522,Which discussion are you referring to? On which article's talk page?,Which discussion are you referring to? On which article's talk page?,a
Wikipedia,117,464868,"Hi, I recently got approval for your requested link replacement (sorry for the delay), but, after doing a &lt;url&gt; there seems to be very few links left to replace. Could you confirm the problem is solved?","Hi, I recently got approval for your requested link replacement (sorry for the delay), but, after doing a <url> there seems to be very few links left to replace. Could you confirm the problem is solved?",a
Wikipedia,118,337509,The Olbermann thing is being discussed on the &lt;url&gt; talk page. Do you have anything to add?,The Olbermann thing is being discussed on the <url> talk page. Do you have anything to add?,a
Wikipedia,119,626197,REVERT???,REVERT???,a
Wikipedia,120,72763,"I started, but gave up. And why link the word 'mother'?","I started, but gave up. And why link the word 'mother'?",a
Wikipedia,121,283735,"So how are u gonna concider weither the licences used by Fluckr are accurate...? ,and if this image has to bee conciderd than Image:Petercrouch_liverpool.JPG should be to..?","So how are u gonna concider weither the licences used by Fluckr are accurate...? ,and if this image has to bee conciderd than Image:Petercrouch_liverpool.JPG should be to..?",a
Wikipedia,122,524373,"AnonEMouse, I have noticed today that there are many recent comments on the &lt;url&gt; talk page that do not show in ""history"". How can that happen?","AnonEMouse, I have noticed today that there are many recent comments on the <url> talk page that do not show in ""history"". How can that happen?",a
Wikipedia,123,25727,"It turns out that the Zelda Collection you referred to in &lt;url&gt; didn't include aLttP, reportedly because the GBA remake was still being sold at that time, so that disc included NES and N64 emulation but left out SNES. Do you have another example?","It turns out that the Zelda Collection you referred to in <url> didn't include aLttP, reportedly because the GBA remake was still being sold at that time, so that disc included NES and N64 emulation but left out SNES. Do you have another example?",a
Wikipedia,124,629591,I just did some edits on it. Feedback?,I just did some edits on it. Feedback?,a
Wikipedia,125,184558,"That looks better. I think I'm about done now, but old Theobald's still at Featured Article candidates isn't he?","That looks better. I think I'm about done now, but old Theobald's still at Featured Article candidates isn't he?",a
Wikipedia,126,626716,"Even worse: ""The authorized use of this data is limited to informational and educational purposes only, and NOT for operational or commercial purposes."" This clearly disqualifies the text for Wikipedia purposes, I'm afraid we'll have to delete the article. Do you know of any similar contributions you've made?","Even worse: ""The authorized use of this data is limited to informational and educational purposes only, and NOT for operational or commercial purposes."" This clearly disqualifies the text for Wikipedia purposes, I'm afraid we'll have to delete the article. Do you know of any similar contributions you've made?",a
Wikipedia,127,30722,You added to the Order of Victoria and Albert page that no awards were given out after the death of Queen Victoria. According to the &lt;url&gt; she became the tSovereign of the Order in 1952. Is this just because the order was never officially scrapped ?,You added to the Order of Victoria and Albert page that no awards were given out after the death of Queen Victoria. According to the <url> she became the tSovereign of the Order in 1952. Is this just because the order was never officially scrapped ?,a
Wikipedia,128,392689,As you can tell from my user page I do like art. I noticed you talking about a film ambassador on WikiProject Film (An project that I am active on) and I was wondering what is the main goals of film ambassador?,As you can tell from my user page I do like art. I noticed you talking about a film ambassador on WikiProject Film (An project that I am active on) and I was wondering what is the main goals of film ambassador?,a
Wikipedia,129,404995,I noticed that you are the major contributor to the articles. Mind if I nominate &lt;url&gt; at &lt;url&gt;?,I noticed that you are the major contributor to the articles. Mind if I nominate <url> at <url>?,a
Wikipedia,130,297846,Would my doing a read-through looking out for that kind of thing be useful? Or would it be merely annoying?,Would my doing a read-through looking out for that kind of thing be useful? Or would it be merely annoying?,a
Wikipedia,131,292769,What would that do? Is that good?,What would that do? Is that good?,a
Wikipedia,132,621555,"Creating and improving images, or just placing them in articles/making sure they have the right copyrights/etc.?","Creating and improving images, or just placing them in articles/making sure they have the right copyrights/etc.?",a
Wikipedia,133,378972,"Your DYK hook for &lt;url&gt; is missing something. It says ""''Frank Bancroft managed the now-defunct Major League Baseball Providence Grays...''"" - maybe ""'''his''' now-defunct Major League Baseball '''team, the''' Providence Grays,...""?","Your DYK hook for <url> is missing something. It says ""''Frank Bancroft managed the now-defunct Major League Baseball Providence Grays...''"" - maybe ""'''his''' now-defunct Major League Baseball '''team, the''' Providence Grays,...""?",a
Wikipedia,134,625006,"Yes, ''kaen chokugeki hou'' is exactly right. Do you have that same NTSC Hong Kong DVD that I do?","Yes, ''kaen chokugeki hou'' is exactly right. Do you have that same NTSC Hong Kong DVD that I do?",a
Wikipedia,135,490623,I'll also add some categories to cover the collaboration nomination procedure and we should think about setting up a project &lt;url&gt;. Can you think of anything else that we need to tag that could be better handled through the comicsproj template than a banner on the front page?,I'll also add some categories to cover the collaboration nomination procedure and we should think about setting up a project <url>. Can you think of anything else that we need to tag that could be better handled through the comicsproj template than a banner on the front page?,a
Wikipedia,136,557002,One oddity is that the Library of Congress isn't officially the U.S. national library; there are only national libraries in Medicine and Agriculture. Do you compare specialized libraries?,One oddity is that the Library of Congress isn't officially the U.S. national library; there are only national libraries in Medicine and Agriculture. Do you compare specialized libraries?,a
Wikipedia,137,621427,"I don't think so, &lt;name&gt;. Can we just once attempt to let this pass by without calling for the heads of people?","I don't think so, <name>. Can we just once attempt to let this pass by without calling for the heads of people?",a
Wikipedia,138,198022,"Senta.jpg was garbled or empty or some such, so I deleted it. You might want to try re-uploading?","Senta.jpg was garbled or empty or some such, so I deleted it. You might want to try re-uploading?",a
Wikipedia,139,607112,"It's probably a bit late to be asking this, but why did you dispute the factual accuracy of the page &lt;url&gt;? Also, why was no mention of the nature of the dispute made anywhere?","It's probably a bit late to be asking this, but why did you dispute the factual accuracy of the page <url>? Also, why was no mention of the nature of the dispute made anywhere?",a
Wikipedia,140,619630,"Do you know how to make the 'All Star Template' appear only at the bottom, as well as the 'Confirmed future sites', so the actual table appears at the top of the page??","Do you know how to make the 'All Star Template' appear only at the bottom, as well as the 'Confirmed future sites', so the actual table appears at the top of the page??",a
Wikipedia,141,522923,"Just letting you know (since you have mentioned AFDing &lt;url&gt;) that weu2019ve gone to some effort to establish notability with &lt;url&gt;, and have added three reliable, notable, third-party sources to the article. Do you feel these sources establish &lt;url&gt; as being notable (&lt;url&gt; and all that)?","Just letting you know (since you have mentioned AFDing <url>) that weu2019ve gone to some effort to establish notability with <url>, and have added three reliable, notable, third-party sources to the article. Do you feel these sources establish <url> as being notable (<url> and all that)?",a
Wikipedia,142,164112,"Hi, you've done a lot of work on comparing Featured Article country articles. Are you aware of any country that got special praise for the selection of images in the article?","Hi, you've done a lot of work on comparing Featured Article country articles. Are you aware of any country that got special praise for the selection of images in the article?",a
Wikipedia,143,627346,"One wonders, of course, who ""Elliott of Macedon"" would have been. Probably something analogous to Brian of Nazareth but in a Macedonian phalanx?","One wonders, of course, who ""Elliott of Macedon"" would have been. Probably something analogous to Brian of Nazareth but in a Macedonian phalanx?",a
Wikipedia,144,630160,"'SO!?!?'', what has it got to do with you?","'SO!?!?'', what has it got to do with you?",a
Wikipedia,145,559372,how do i propose to change the name of &lt;url&gt; to &lt;url&gt; ??,how do i propose to change the name of <url> to <url> ??,a
Wikipedia,146,623158,"Deletion requires some care: an administrator has to check that the prod tag has been on the article for 5 day continously, that the prod'ed version was not the result of vandalism, that the prod reason is acceptable (possibly checking the talk page), then has to delete the article reporting this reason, possibly deleting the talk page, and finally checking the incoming links. Before starting doing this on every article in the category this adimin relies on the number of categories instead of calculating five days to today?","Deletion requires some care: an administrator has to check that the prod tag has been on the article for 5 day continously, that the prod'ed version was not the result of vandalism, that the prod reason is acceptable (possibly checking the talk page), then has to delete the article reporting this reason, possibly deleting the talk page, and finally checking the incoming links. Before starting doing this on every article in the category this adimin relies on the number of categories instead of calculating five days to today?",a
Wikipedia,147,502036,"Is 10 months sufficient time to relist a Article for deletion Not too soon, correct?","Is 10 months sufficient time to relist a Article for deletion Not too soon, correct?",a
Wikipedia,148,41079,Is Castle Donington an incorporate municipality? Or is it just a place name?,Is Castle Donington an incorporate municipality? Or is it just a place name?,a
Wikipedia,149,415277,Sorry for not replying sooner. What would you like done with your page?,Sorry for not replying sooner. What would you like done with your page?,a
Wikipedia,150,125539,"I am in the process of responding to your message on my talk page. In the mean time, did Lochdale ever inadvertently expose his IP, such as editing while logged out and then logging in and signing?","I am in the process of responding to your message on my talk page. In the mean time, did Lochdale ever inadvertently expose his IP, such as editing while logged out and then logging in and signing?",a
Wikipedia,151,432640,"Hi, I tweaked it again. Could you check please?","Hi, I tweaked it again. Could you check please?",a
Wikipedia,152,255097,"To be quite frank it doesn't matter that the quotes don't appear any other place on the internet, the point is that they violate policy by being here and you could always set up a personal website to host them where all you'd have to worry about is fair use and not Wikipedia's stricter requirements. Are there more of these quote/source pages than &lt;url&gt;, &lt;url&gt; and &lt;url&gt;?","To be quite frank it doesn't matter that the quotes don't appear any other place on the internet, the point is that they violate policy by being here and you could always set up a personal website to host them where all you'd have to worry about is fair use and not Wikipedia's stricter requirements. Are there more of these quote/source pages than <url>, <url> and <url>?",a
Wikipedia,153,565696,Oh dear. Does that mean it's too difficult a read for Wiki?,Oh dear. Does that mean it's too difficult a read for Wiki?,a
Wikipedia,154,620540,"Oh, yeah, I've heard of that--that was the issue the Colonel was (incorrectly) alluding to, right? Is that list to which your link sent me something that Steve had to create, or was it generated automatically?","Oh, yeah, I've heard of that--that was the issue the Colonel was (incorrectly) alluding to, right? Is that list to which your link sent me something that Steve had to create, or was it generated automatically?",a
Wikipedia,155,237753,"I'm wondering why in the &lt;url&gt; article, you keep changing the link &lt;url&gt; to &lt;url&gt; which just redirects to &lt;url&gt;? Why not just leave the link to point to the intended article directy?","I'm wondering why in the <url> article, you keep changing the link <url> to <url> which just redirects to <url>? Why not just leave the link to point to the intended article directy?",a
Wikipedia,156,589985,"PS I also am wondering about the letter ""ll"". It seems, like the Welsh &lt;url&gt;, to have a particular (and tricky) pronunciation, but thereu2019s nothing on the &lt;url&gt; or &lt;url&gt; pages about it: Can you shed any light on this?","PS I also am wondering about the letter ""ll"". It seems, like the Welsh <url>, to have a particular (and tricky) pronunciation, but thereu2019s nothing on the <url> or <url> pages about it: Can you shed any light on this?",a
Wikipedia,157,473852,"More a bot to flag articles where persondata and defaultsort disagree, so that humans can check which is correct. I presume your bot already detects cases where DEFAULTSORT and listas disagree?","More a bot to flag articles where persondata and defaultsort disagree, so that humans can check which is correct. I presume your bot already detects cases where DEFAULTSORT and listas disagree?",a
Wikipedia,158,619643,Really? When/where did that happen?,Really? When/where did that happen?,a
Wikipedia,159,196201,The &lt;url&gt; disambiguation page seems to be a model for collecting the related entries for IOOF buildings in a single place. Do you agree?,The <url> disambiguation page seems to be a model for collecting the related entries for IOOF buildings in a single place. Do you agree?,a
Wikipedia,160,564946,"Hi there, I've raised the possibility of unprotecting the tamazepam page &lt;url&gt;. What are your thoughts?","Hi there, I've raised the possibility of unprotecting the tamazepam page <url>. What are your thoughts?",a
Wikipedia,161,291631,"Also, how does that vandalism thing on your page work? Do you have to change the count manually, or does it detect vandalism itself?","Also, how does that vandalism thing on your page work? Do you have to change the count manually, or does it detect vandalism itself?",a
Wikipedia,162,620910,"Thanks, can we write an article on that ? do you think it is notable enough ?","Thanks, can we write an article on that ? do you think it is notable enough ?",a
Wikipedia,163,262902,Why haven't you submitted the diet to Good Article? And when are you going for Featured Article candidates?,Why haven't you submitted the diet to Good Article? And when are you going for Featured Article candidates?,a
Wikipedia,164,624484,"Where is the exception in &lt;url&gt; for ""tossing out citations and verifiable in order to make it easier for the reader""? Who are you to disagree with Nikon's label of ""Compact Professional""?","Where is the exception in <url> for ""tossing out citations and verifiable in order to make it easier for the reader""? Who are you to disagree with Nikon's label of ""Compact Professional""?",a
Wikipedia,165,620852,Thanks! =D And how soon are we going to try to get The Lost Age to Featured Article?,Thanks! =D And how soon are we going to try to get The Lost Age to Featured Article?,a
Wikipedia,166,577073,"I am doing stub cleaning and consolidation that is needed to reduce the incidence of tiny articles. For instance, did you know that the Luis Rodriguez article was linked to by a music producer, two boxers and a singer?","I am doing stub cleaning and consolidation that is needed to reduce the incidence of tiny articles. For instance, did you know that the Luis Rodriguez article was linked to by a music producer, two boxers and a singer?",a
Wikipedia,167,215843,"I didn't remove the image; I just moved it down to the bottom of the box, to avoid having a long stack of images at the top. Is that a problem?","I didn't remove the image; I just moved it down to the bottom of the box, to avoid having a long stack of images at the top. Is that a problem?",a
Wikipedia,168,629841,Is there any way I could talk you into being more conservative with creation of new articles? Do you agree that some of what you're creating here would be seen as obviously deletable material by most editors?,Is there any way I could talk you into being more conservative with creation of new articles? Do you agree that some of what you're creating here would be seen as obviously deletable material by most editors?,a
Wikipedia,169,612483,"I still prefer Huxley's version, as I don't think that version makes the dying off clear, and ignores the r-type organism analogue. Is there any way to work more emphasis into the dying off part in, as it's absolutely crucial to the removal of unfit forms?","I still prefer Huxley's version, as I don't think that version makes the dying off clear, and ignores the r-type organism analogue. Is there any way to work more emphasis into the dying off part in, as it's absolutely crucial to the removal of unfit forms?",a
Wikipedia,170,554731,"By chance, I have indef blocked &lt;person&gt; over your 31-hour block. Would you like me to keep indef block or change it back to 31 hours?","By chance, I have indef blocked <person> over your 31-hour block. Would you like me to keep indef block or change it back to 31 hours?",a
Wikipedia,171,83784,"OK, the 3920th is done. Any further thoughts?","OK, the 3920th is done. Any further thoughts?",a
Wikipedia,172,384811,"Yobot labelled &lt;url&gt; as a stub, though it has &lt;person&gt;. Perhaps that's a dab template Yobot doesn't know about?","Yobot labelled <url> as a stub, though it has <person>. Perhaps that's a dab template Yobot doesn't know about?",a
Wikipedia,173,508269,"...why not try something a bit more proactive? Now, obviously he's using proxies, but are there no rangeblocks that might make his job harder?","...why not try something a bit more proactive? Now, obviously he's using proxies, but are there no rangeblocks that might make his job harder?",a
Wikipedia,174,328920,The copyediting is being done as I speak. Anything else you can think of?,The copyediting is being done as I speak. Anything else you can think of?,a
Wikipedia,175,594145,thank you. any clue what happened?,thank you. any clue what happened?,a
Wikipedia,176,542963,"See: &lt;url&gt;. If I remember correctly, you said you planned on cleaning up after the bot tagged the images; is that still the case?","See: <url>. If I remember correctly, you said you planned on cleaning up after the bot tagged the images; is that still the case?",a
Wikipedia,177,133725,"I don't think I've used it in Wikipedia. So, if I haven't, why did you bring it up?","I don't think I've used it in Wikipedia. So, if I haven't, why did you bring it up?",a
Wikipedia,178,355457,"Some pictures are not mine, but those that I have changed, their own. And you can submit a complaint the owners of those photos?","Some pictures are not mine, but those that I have changed, their own. And you can submit a complaint the owners of those photos?",a
Wikipedia,179,496654,"When I find 20 sources calling an Individual Armenian including TURKISH, the NYT and Time's article are presented in a dubious manner, how can I bey considered aggressive? It is the duty of every editor and admin to weed out Original research and dubious citations, no?","When I find 20 sources calling an Individual Armenian including TURKISH, the NYT and Time's article are presented in a dubious manner, how can I bey considered aggressive? It is the duty of every editor and admin to weed out Original research and dubious citations, no?",a
Wikipedia,180,567951,Are you calling me a vandal for visiting your user page? Or am I just &lt;url&gt;?,Are you calling me a vandal for visiting your user page? Or am I just <url>?,a
Wikipedia,181,34411,I was thinking about creating a page about Nintendo eShop. And since you are a well trusted user I am asking you if you think that would just be deleted because there isn't enough information?,I was thinking about creating a page about Nintendo eShop. And since you are a well trusted user I am asking you if you think that would just be deleted because there isn't enough information?,a
Wikipedia,182,381792,It is an obvious and strongly followed point that april fools jokes ''should not disrupt the running of the wiki''. Could you explain why the HELLS you coated a dozen users' pages with pictures of jimbo's ugly bearded fizzogg?,It is an obvious and strongly followed point that april fools jokes ''should not disrupt the running of the wiki''. Could you explain why the HELLS you coated a dozen users' pages with pictures of jimbo's ugly bearded fizzogg?,a
Wikipedia,183,141067,There is a special tool which shows you page sizes? Would you like to know how to use it?,There is a special tool which shows you page sizes? Would you like to know how to use it?,a
Wikipedia,184,258490,"Your &lt;url&gt; is a brilliant idea! Would you mind if I linked to it from my collection of ""Useful things"" on my user page?","Your <url> is a brilliant idea! Would you mind if I linked to it from my collection of ""Useful things"" on my user page?",a
Wikipedia,185,280419,"See the page &lt;url&gt;, and in particular the section &lt;url&gt;. Does that make sense?","See the page <url>, and in particular the section <url>. Does that make sense?",a
Wikipedia,186,625663,"Thank you for your comments. May I refer you to &lt;url&gt;, where I think you will find the sort of criticism section that you are looking for?","Thank you for your comments. May I refer you to <url>, where I think you will find the sort of criticism section that you are looking for?",a
Wikipedia,187,563491,"The Hitchin-related hoax claims by &lt;url&gt; seem to have led to a rather precipitate response, considering that he has only been an editor for a few days. Is there something going on here that isn't obvious?","The Hitchin-related hoax claims by <url> seem to have led to a rather precipitate response, considering that he has only been an editor for a few days. Is there something going on here that isn't obvious?",a
Wikipedia,188,163563,Hello im trying to make a task force for the Empire of Brazil with some people but we dont know how to make the actually task force stuff like the banner and how to make the quality chart template to see what class each article is. Im asking if you can help make it since i saw you made WikiProject Dam?,Hello im trying to make a task force for the Empire of Brazil with some people but we dont know how to make the actually task force stuff like the banner and how to make the quality chart template to see what class each article is. Im asking if you can help make it since i saw you made WikiProject Dam?,a
Wikipedia,189,358625,I can't find anything about Crimson Echoes' Gameplay. Do you think that its good as it is?,I can't find anything about Crimson Echoes' Gameplay. Do you think that its good as it is?,a
Wikipedia,190,380241,"Sorry &lt;name&gt;, but I don't understand. Even if your man didn't meet &lt;url&gt;, how could he fail to meet &lt;url&gt;?","Sorry <name>, but I don't understand. Even if your man didn't meet <url>, how could he fail to meet <url>?",a
Wikipedia,191,214946,"Hey, several of the footnotes that you use in &lt;url&gt; are Harvard footnotes, which means that they need the full citation of the books in works cited section. I imagine you grabbed some of that information from some other places, would you mind retriveing the bibliographic data?","Hey, several of the footnotes that you use in <url> are Harvard footnotes, which means that they need the full citation of the books in works cited section. I imagine you grabbed some of that information from some other places, would you mind retriveing the bibliographic data?",a
Wikipedia,192,231174,Don't you think it's taken too far back to be of any use? Do we have any alternatives?,Don't you think it's taken too far back to be of any use? Do we have any alternatives?,a
Wikipedia,193,619548,How do you save it??,How do you save it??,a
Wikipedia,194,342335,"&lt;url&gt; &lt;url&gt; version, but mighty all the same. Am I wrong?","<url> <url> version, but mighty all the same. Am I wrong?",a
Wikipedia,195,290134,Hi &lt;name&gt;- I'm a touch concerned about the entry on Ian Levine's bio about his comparison to the Abzorbaloff thing. Even if critics have speculated about it- is this really needed on a biographical page?,Hi <name>- I'm a touch concerned about the entry on Ian Levine's bio about his comparison to the Abzorbaloff thing. Even if critics have speculated about it- is this really needed on a biographical page?,a
Wikipedia,196,257087,I get the regular edit page with the instructions and everything when I click on it. Did you replace SOCKMASTER with the actual name of the sockmaster (the account controlling all the sock puppets) in the box?,I get the regular edit page with the instructions and everything when I click on it. Did you replace SOCKMASTER with the actual name of the sockmaster (the account controlling all the sock puppets) in the box?,a
Wikipedia,197,385104,"The &lt;url&gt; states that ''Endymion'' was an &lt;person&gt;, and the only one of five actually built. Does Conway mention this?","The <url> states that ''Endymion'' was an <person>, and the only one of five actually built. Does Conway mention this?",a
Wikipedia,198,529029,last msg ???,last msg ???,a
Wikipedia,199,24580,"Okay. But in that case, shouldn't the meanings ""of"" and ""from"" from some languages be removed from the article as well?","Okay. But in that case, shouldn't the meanings ""of"" and ""from"" from some languages be removed from the article as well?",a
Wikipedia,200,466860,Thanks for the info but the page is still giving the same warnings. Any ideas why this might be happening?,Thanks for the info but the page is still giving the same warnings. Any ideas why this might be happening?,a
Wikipedia,201,226534,"It's cool (&lt;url&gt;), but the high resolution vs. seems to be different, see &lt;url&gt;. Hmm why?","It's cool (<url>), but the high resolution vs. seems to be different, see <url>. Hmm why?",
Wikipedia,202,529244,"Hi &lt;name&gt; I can't seem to find a hook I entered in DYK Feb 24, it's about the novel &lt;url&gt;, along with suggestions from other eds. Can you find what happened to it, please?","Hi <name> I can't seem to find a hook I entered in DYK Feb 24, it's about the novel <url>, along with suggestions from other eds. Can you find what happened to it, please?",
Wikipedia,203,281450,(undent) Your Chinese is much better than mine. Is it possible in Chinese to omit a conjunction such as u548c or u8ddf and let a string of two successive nouns refer to a set of two objects?,(undent) Your Chinese is much better than mine. Is it possible in Chinese to omit a conjunction such as u548c or u8ddf and let a string of two successive nouns refer to a set of two objects?,
Wikipedia,204,377336,"BTW, small step, huh, from Berkely to Soman's talk page. What's next--Cambridge?","BTW, small step, huh, from Berkely to Soman's talk page. What's next--Cambridge?",
Wikipedia,205,559786,"OK, same situation here :-) Marskell and I agreed on a proposal that would initially just give us some backup on the day-to-day stuff, not necessarily closes, but to work in to people who could help when we needed time off. Is it OK with you if I go ahead and propose that to Raul?","OK, same situation here :-) Marskell and I agreed on a proposal that would initially just give us some backup on the day-to-day stuff, not necessarily closes, but to work in to people who could help when we needed time off. Is it OK with you if I go ahead and propose that to Raul?",
Wikipedia,206,475950,"That line in &lt;url&gt;: ''&lt;url&gt;, the slashed zero character'', shouldn't it be ''&lt;url&gt; or slashed zero, the slashed zero character''? How's &lt;url&gt; doing?","That line in <url>: ''<url>, the slashed zero character'', shouldn't it be ''<url> or slashed zero, the slashed zero character''? How's <url> doing?",
Wikipedia,207,528867,"Hey,saw you had a page in the works in your sandbox. Are you planning to move it to mainspace soon?","Hey,saw you had a page in the works in your sandbox. Are you planning to move it to mainspace soon?",
Wikipedia,208,68487,"Thanks. As for the previous edits, should I make a note on the User Page that it's my account?","Thanks. As for the previous edits, should I make a note on the User Page that it's my account?",
Wikipedia,209,545586,"Uh, okay, the tabs for the pull-down menues, which were visible to me before, are no longer visible. Is this because i screwed up a setting with Twinkle, or because my thinkpad is not displaying the entire page (preliminary fiddling around seems to eliminate this possibility)?","Uh, okay, the tabs for the pull-down menues, which were visible to me before, are no longer visible. Is this because i screwed up a setting with Twinkle, or because my thinkpad is not displaying the entire page (preliminary fiddling around seems to eliminate this possibility)?",
Wikipedia,210,238914,"Hi Editorofthewiki, both images are just fine. I don't see an open review for the article; is there somewhere in particular you'd like me to make this comment, if not just here?","Hi Editorofthewiki, both images are just fine. I don't see an open review for the article; is there somewhere in particular you'd like me to make this comment, if not just here?",
Wikipedia,211,366668,"'&lt;url&gt;'''Please also answer the questions at paragraph '''&lt;url&gt;''' above, as you are looking like a classic bully admin who abuses his powers and should be stripped of that role. Is there any review process in wikipedia, for proposing that you be stripped of your admin powers for bullyism?","'<url>'''Please also answer the questions at paragraph '''<url>''' above, as you are looking like a classic bully admin who abuses his powers and should be stripped of that role. Is there any review process in wikipedia, for proposing that you be stripped of your admin powers for bullyism?",
Wikipedia,212,148625,Great job. Will it be done by next week?,Great job. Will it be done by next week?,
Wikipedia,213,164285,"I aggree... river name then ""River"". Do you think that since it's a list of rivers in China we should use the Chinese name and the international norm name too?","I aggree... river name then ""River"". Do you think that since it's a list of rivers in China we should use the Chinese name and the international norm name too?",
Wikipedia,214,204025,I believe that an opinion about AS belongs only to article about AS (and you are welcome to cite the MS opinion ''in proper context''). However an opinion about MS belongs only to article about MS. Is not this fair and logical?,I believe that an opinion about AS belongs only to article about AS (and you are welcome to cite the MS opinion ''in proper context''). However an opinion about MS belongs only to article about MS. Is not this fair and logical?,
Wikipedia,215,111006,"Another thing, I been working on trying to improve the SVG graphics at the Commons. Except for the white color background, does everything else at &lt;url&gt; look decent?","Another thing, I been working on trying to improve the SVG graphics at the Commons. Except for the white color background, does everything else at <url> look decent?",
Wikipedia,216,470366,"'&lt;name&gt, since you're the uninvolved admin here, can you just block this &lt;url&gt;? Or do I have to report him to Adimistrator noticeboard?","<name>, since you're the uninvolved admin here, can you just block this <url>? Or do I have to report him to Adimistrator noticeboard?",
Wikipedia,217,388738,"Were you the person who originally put FoxTrot up for peer review? If you are, can you help me find the original request for peer review, so someone can resubmit a request and have the article reviewed again?","Were you the person who originally put FoxTrot up for peer review? If you are, can you help me find the original request for peer review, so someone can resubmit a request and have the article reviewed again?",
Wikipedia,218,620867,Wonderful! :) Do you particularly like to work on comics creators' articles?,Wonderful! :) Do you particularly like to work on comics creators' articles?,
Wikipedia,219,40506,"Well, if Mattisse has caused me to CU innocent editors, then it's time for her to be blocked from editing her own talk page. MC, do you think I should withdraw the CU or let it ride?","Well, if Mattisse has caused me to CU innocent editors, then it's time for her to be blocked from editing her own talk page. MC, do you think I should withdraw the CU or let it ride?",
Wikipedia,220,477919,Still wondering and hoping. Rather not?,Still wondering and hoping. Rather not?,
Wikipedia,221,147986,I will have to hunt out my albums and take a look. Do you mean something like a photographer's credit?,I will have to hunt out my albums and take a look. Do you mean something like a photographer's credit?,
Wikipedia,222,51868,"Hi, I have cleaned up this page and, in the Article for Deletion, identified many other sources and additional content. I wonder if you would reconsider your delete !vote please (I will do the necessary expansion as and when there is a reasonable expectation of it being kept)?","Hi, I have cleaned up this page and, in the , identified many other sources and additional content. I wonder if you would reconsider your delete !vote please (I will do the necessary expansion as and when there is a reasonable expectation of it being kept)?",
Wikipedia,223,441207,I tend not to be an Request for Comment closer -- apologies. Hopefully someone else will?,I tend not to be an Request for Comment closer -- apologies. Hopefully someone else will?,
Wikipedia,224,435881,"Why, precisely? And what separates the etiquette of your area of society from our ""conventional etiquette"" speed-developed on the Internet?","Why, precisely? And what separates the etiquette of your area of society from our ""conventional etiquette"" speed-developed on the Internet?",
Wikipedia,225,147298,"&lt;namel&gt; I'm very sorry about confusing the rabbit character in &lt;url&gt; with the official Bugs in &lt;url&gt;. He may not be the gray rabbit that we recognize, but he is supposed to be Bugs in prototype form, right?","<name>, I'm very sorry about confusing the rabbit character in <url> with the official Bugs in <url>. He may not be the gray rabbit that we recognize, but he is supposed to be Bugs in prototype form, right?",
Wikipedia,226,477236,"Hi &lt;name&gt. I'm thinking it might be a bad idea to start linking all unnamed EP recordings to the EP dab page. Could turn into a very massive list, and maybe not the right use for a dab page?","Hi <name>. I'm thinking it might be a bad idea to start linking all unnamed EP recordings to the EP dab page. Could turn into a very massive list, and maybe not the right use for a dab page?",
Wikipedia,227,67318,"Thanks for the various corrections you have made to this article. Do you have a source for the Anglo-Saxon Chronicle date of 921, please?","Thanks for the various corrections you have made to this article. Do you have a source for the Anglo-Saxon Chronicle date of 921, please?",
Wikipedia,228,131724,Thanks for adding that ref to &lt;url&gt;. I don't suppose your copy of Conway's says anything about the roles and fates of ''Schleswig-Holstein'' or ''Schleisen''?,Thanks for adding that ref to <url>. I don't suppose your copy of Conway's says anything about the roles and fates of ''Schleswig-Holstein'' or ''Schleisen''?,
Wikipedia,229,426845,I am out of YUBC (I wonder myself how can I even post here). Could you do it?,I am out of YUBC (I wonder myself how can I even post here). Could you do it?,
Wikipedia,230,387713,Are you saying that you have a close or imtimate relationship with N.I.?,Are you saying that you have a close or imtimate relationship with N.I.?,
Wikipedia,231,328921,&lt;url&gt; did the copyedit for the Japanese flag article and it was completed today. Is there anything else other than a copyedit that you need for this article?,<url> did the copyedit for the Japanese flag article and it was completed today. Is there anything else other than a copyedit that you need for this article?,
Wikipedia,232,324753,"Huaiwei, there is this guy HkCaGu who insist that we shouldnt put Tianjin as one of Xiamen Airline's destination from Singapore just because it passes by Xiamen(MF's HUB) however, this is a direct flight from singapore to tianjin via xiamen. what are your views?","Huaiwei, there is this guy HkCaGu who insist that we shouldnt put Tianjin as one of Xiamen Airline's destination from Singapore just because it passes by Xiamen(MF's HUB) however, this is a direct flight from singapore to tianjin via xiamen. what are your views?",
Wikipedia,233,326720,"I was just about to create an article on the 2009 Malawian election; the purpose of adding it to the template was to give me a convenient link when I decided to do it. If red linked elections can't go in the template, why don't you delete all the red linked past elections?","I was just about to create an article on the 2009 Malawian election; the purpose of adding it to the template was to give me a convenient link when I decided to do it. If red linked elections can't go in the template, why don't you delete all the red linked past elections?",
Wikipedia,234,621053,"I've now blocked them as the account appears to be used only for vandalism. Since your username is prone to being mis-spelled can I suggest you set up some ""dead"" &lt;url&gt; accounts to pre-empt further impersonations?","I've now blocked them as the account appears to be used only for vandalism. Since your username is prone to being mis-spelled can I suggest you set up some ""dead"" <url> accounts to pre-empt further impersonations?",
Wikipedia,235,243655,"Yes, I appreciate that my edits were not the best, but they are currently the best available in Wikipedia for guiding readers in understanding there the emergence of the legal systems of the United Kingdom. Do You have a better suggestion?","Yes, I appreciate that my edits were not the best, but they are currently the best available in Wikipedia for guiding readers in understanding there the emergence of the legal systems of the United Kingdom. Do You have a better suggestion?",
Wikipedia,236,568195,Hi. Just wondering why you deleted the OneCone International article?,Hi. Just wondering why you deleted the OneCone International article?,
Wikipedia,237,625202,"&lt;name&gt; I'm with you, stepping back and looking at it. Shall I merge-tag them or should we just merge them in-house?","<name>, I'm with you, stepping back and looking at it. Shall I merge-tag them or should we just merge them in-house?",
Wikipedia,238,397055,I noticed your edits and the Vote for Deletion discussion on the topic. Are you on facebook?,I noticed your edits and the Vote for Deletion discussion on the topic. Are you on facebook?,
Wikipedia,239,627565,Let's pretend that we have reached an impasse and then we can stop talking to each other. Deal?,Let's pretend that we have reached an impasse and then we can stop talking to each other. Deal?,
Wikipedia,240,549635,Why are you putting &lt;nowiki&gt;&lt;person&gt;&lt;/nowiki&gt; on several pages related with Yu-musicians? IMO this is a pretty &lt;strike&gt;stup&lt;/strike&gt; meaningless stub to have; why not &lt;nowiki&gt;&lt;person&gt;&lt;/nowiki&gt; instead?,Why are you putting <nowiki><person></nowiki> on several pages related with Yu-musicians? IMO this is a pretty <strike>stup</strike> meaningless stub to have; why not <nowiki><person></nowiki> instead?,
Wikipedia,241,397901,"Yeah, I agree. What's up with that?","Yeah, I agree. What's up with that?",
Wikipedia,242,188918,How do you fix all those edits at once? Do you have to be an admin to do so?,How do you fix all those edits at once? Do you have to be an admin to do so?,
Wikipedia,243,17000,"Sorry if it seems like I'm bugging you about the above image - I'm trying to determine the copyright holder, which needs to be specified on the image page per &lt;url&gt;a. When I click on the source link, I get an ""access forbidden"" message. Can you please specify the copyright holder on the page?","Sorry if it seems like I'm bugging you about the above image - I'm trying to determine the copyright holder, which needs to be specified on the image page per <url>a. When I click on the source link, I get an ""access forbidden"" message. Can you please specify the copyright holder on the page?",
Wikipedia,244,209367,What State are you from? New Jersey?,What State are you from? New Jersey?,
Wikipedia,245,314947,"If you're not using your user page, you should try redirecting it to your talk. Or is this a statement on the futility of userpages in general?","If you're not using your user page, you should try redirecting it to your talk. Or is this a statement on the futility of userpages in general?",
Wikipedia,246,281599,Well? What do you think?,Well? What do you think?,
Wikipedia,247,34065,I don't think I'll have the time to keep the flies off it all week but I'll have a go (I might get around to incorporating Caitlin Moran's detailed reviews too). Could you not semi it as well?,I don't think I'll have the time to keep the flies off it all week but I'll have a go (I might get around to incorporating Caitlin Moran's detailed reviews too). Could you not semi it as well?,
Wikipedia,248,590326,"I think I'm gonna request a free image from a Wikipedia biography subject by following &lt;url&gt;. I was wondering, if I'm planning to upload the image to Commons and the subject doesn't speak English to understand the e-mail, what should I do?","I think I'm gonna request a free image from a Wikipedia biography subject by following <url>. I was wondering, if I'm planning to upload the image to Commons and the subject doesn't speak English to understand the e-mail, what should I do?",
Wikipedia,249,144985,"Right, I was demonstrating that one could merge &lt;person&gt; with &lt;person&gt;, that option would not appear on players that were not Dual players. Did anything actually break?","Right, I was demonstrating that one could merge <person> with <person>, that option would not appear on players that were not Dual players. Did anything actually break?",
Wikipedia,250,429116,Turkish boys are circumcised they are Muslim's. Why did you delete it?,Turkish boys are circumcised they are Muslim's. Why did you delete it?,
Wikipedia,251,299277,"I can certainly suggest to Isarig that 3RR is not an entitlement, and that dicussion is often the better approach. Would you like me to try to mediate the Karsh page?","I can certainly suggest to Isarig that 3RR is not an entitlement, and that dicussion is often the better approach. Would you like me to try to mediate the Karsh page?",
Wikipedia,252,126492,So you're interested in both Amiga computers and BDSM! Are you an atheist too?,So you're interested in both Amiga computers and BDSM! Are you an atheist too?,
Wikipedia,253,623938,"One deleteable article at a time, please. This is a &lt;url&gt; G4; do you agree, and if not, why not?","One deleteable article at a time, please. This is a <url> G4; do you agree, and if not, why not?",
Wikipedia,254,89281,You just built an article called Fort Fort Mitchel. Did you mean to have two fort's in the title?,You just built an article called Fort Fort Mitchel. Did you mean to have two fort's in the title?,
Wikipedia,255,898,"""* &lt;url&gt;: 87/88 Quarterfinal (winfall viktory in the second round against former leader of the &lt;url&gt; &lt;url&gt;)""? Is there a misetake?","""* <url>: 87/88 Quarterfinal (winfall viktory in the second round against former leader of the <url> <url>)""? Is there a misetake?",
Wikipedia,256,623275,"Correcting an article to remove mention of something that ''was made up here in Wikipedia'' and does not exist in any formal definition of the article's subject is a furtherance of the &lt;url&gt; policy, not vandalism. Are you interested in knee-jerk reverting, or in actually making your encyclopedia correct and accurate?","Correcting an article to remove mention of something that ''was made up here in Wikipedia'' and does not exist in any formal definition of the article's subject is a furtherance of the <url> policy, not vandalism. Are you interested in knee-jerk reverting, or in actually making your encyclopedia correct and accurate?",
Wikipedia,257,211646,how do you know that Yuvan is confirmed for Striker? You indeed referring to the &lt;url&gt; starring Siddharth?,how do you know that Yuvan is confirmed for Striker? You indeed referring to the <url> starring Siddharth?,
Wikipedia,258,627331,"Incidentally, your username seems familiar. Do you contribute to SPGB-related forums by any chance?","Incidentally, your username seems familiar. Do you contribute to SPGB-related forums by any chance?",
Wikipedia,259,625139,"Up to you - I see myself picking off one or two every now and then but nowhere near the level of work NortyNort is doing now. By the way, I have an open CCI request that I want a second opinion on - could you please help?","Up to you - I see myself picking off one or two every now and then but nowhere near the level of work NortyNort is doing now. By the way, I have an open CCI request that I want a second opinion on - could you please help?",
Wikipedia,260,622646,Please don't talk like a robot. What harm did it do?,Please don't talk like a robot. What harm did it do?,
Wikipedia,261,284172,"I'm sorry, but there is no discussion on the talk page that indicates that there was a debate about renaming, so the keep vote stands, I'm afraid. There were nine votes to keep, and only one to merge, so I don't understand how a single vote trumps nine others?","I'm sorry, but there is no discussion on the talk page that indicates that there was a debate about renaming, so the keep vote stands, I'm afraid. There were nine votes to keep, and only one to merge, so I don't understand how a single vote trumps nine others?",
Wikipedia,262,620595,I don't really see that as a problem. If it's a fringe position why not simply state it as such?,I don't really see that as a problem. If it's a fringe position why not simply state it as such?,
Wikipedia,263,477048,"Regarding &lt;url&gt;: &lt;url&gt; seems to say the exact opposite (that links on a dab page should ''not'' be through redirects). The page is at &lt;url&gt;, so shouldn't that be how it's linked on the dab page?","Regarding <url>: <url> seems to say the exact opposite (that links on a dab page should ''not'' be through redirects). The page is at <url>, so shouldn't that be how it's linked on the dab page?",
Wikipedia,264,179380,E-mail me at &lt;url&gt; (just get rid of the spaces in between the letters and numbers) whenever you feel like it. By the way are you a member on any Iranian football forums online?,E-mail me at <url> (just get rid of the spaces in between the letters and numbers) whenever you feel like it. By the way are you a member on any Iranian football forums online?,
Wikipedia,265,282680,Good idea.... Perhaps though you could also make a list of kings on that page??,Good idea.... Perhaps though you could also make a list of kings on that page??,
Wikipedia,266,580699,"Hi, I think that you do a fantastic job on DELSORT. However, I was just wondering if, when you add to Schools, whether you would be good enough to add them to the appropriate section, please?","Hi, I think that you do a fantastic job on DELSORT. However, I was just wondering if, when you add to Schools, whether you would be good enough to add them to the appropriate section, please?",
Wikipedia,267,479685,"Thanks! By the way, have you sent anything to Maggie since you received the email from the photographer?","Thanks! By the way, have you sent anything to Maggie since you received the email from the photographer?",
Wikipedia,268,534387,"How can I join, by the way? And is there a Welcoming Comittee userbox?","How can I join, by the way? And is there a Welcoming Comittee userbox?",
Wikipedia,269,527356,"Do you have ""remember me"" set in IE? If not are you using the login link?","Do you have ""remember me"" set in IE? If not are you using the login link?",
Wikipedia,270,544739,"That was awfully quick, considering that it was open for less than 12 hours. Since I must now do them individually, must they be considered ""Second Nominations"" if I put them up again?","That was awfully quick, considering that it was open for less than 12 hours. Since I must now do them individually, must they be considered ""Second Nominations"" if I put them up again?",
Wikipedia,271,472594,"And, by the way, shouldn't there have to be actual copyright VIOLATIONS (not just a lack of a machine-readable tag) to delete a photograph? Or are we so concerned with making our project bot-friendly that it doesn't matter if we lose really great images in the process?","And, by the way, shouldn't there have to be actual copyright VIOLATIONS (not just a lack of a machine-readable tag) to delete a photograph? Or are we so concerned with making our project bot-friendly that it doesn't matter if we lose really great images in the process?",
Wikipedia,272,19879,"I was checking out the article on the Unitarian Society in Fall River that you contributed to, and there's a lot that was wrong. I want to reconcile what you know with what I know so we can get this article right... a little help here?","I was checking out the article on the Unitarian Society in Fall River that you contributed to, and there's a lot that was wrong. I want to reconcile what you know with what I know so we can get this article right... a little help here?",
Wikipedia,273,63922,"Hello &lt;name&gt;! Since you are experienced in ''botovodstvo'', could you help us with the issue &lt;url&gt;?","Hello <name>! Since you are experienced in ''botovodstvo'', could you help us with the issue <url>?",
Wikipedia,274,460482,So it seems we both already know the problems with the current logo and the SVG one. What can I do to help you?,So it seems we both already know the problems with the current logo and the SVG one. What can I do to help you?,
Wikipedia,275,607497,Um. Thanks?,Um. Thanks?,
Wikipedia,276,621674,"So ''Junanci'' means ""Greeks""? In which language?","So ''Junanci'' means ""Greeks""? In which language?",
Wikipedia,277,203939,"If the Russia tricolor is not the flag of the Lokot Autonomy, than what is? Is the flag even available on Wikipedia?","If the Russia tricolor is not the flag of the Lokot Autonomy, than what is? Is the flag even available on Wikipedia?",
Wikipedia,278,624543,"That's still not the original source, and after searching through a few pages on Flickr, I'm assuming the original is all rights reserved anyway. Can I ask why you believe it is public domain?","That's still not the original source, and after searching through a few pages on Flickr, I'm assuming the original is all rights reserved anyway. Can I ask why you believe it is public domain?",
Wikipedia,279,573791,It seems &lt;url&gt; has tagged the following baiting articles &lt;url&gt; &lt;url&gt; &lt;url&gt; and &lt;url&gt; with a delete tag out of spite. It there a way to remedy this type of poor behaviour ?,It seems <url> has tagged the following baiting articles <url> <url> <url> and <url> with a delete tag out of spite. It there a way to remedy this type of poor behaviour ?,
Wikipedia,280,420955,"Wikipedia is not IMDb, which can easily be used (and is more suited) to providing complete soundtrack listings for pretty much every movie ever made. Would you care to address any of the other points I've brought up?","Wikipedia is not IMDb, which can easily be used (and is more suited) to providing complete soundtrack listings for pretty much every movie ever made. Would you care to address any of the other points I've brought up?",
Wikipedia,281,171044,&lt;name&gt; I find this conversation remarkable given that you have twice opted to edit war over referencing format to the detriment of an article's quality in the last 24 hours on &lt;url&gt;. What gives?,<name> I find this conversation remarkable given that you have twice opted to edit war over referencing format to the detriment of an article's quality in the last 24 hours on <url>. What gives?,
Wikipedia,282,622184,I added mention of the river. The info for &lt;url&gt; says the picture was taken in &lt;url&gt;; is that city located on the river?,I added mention of the river. The info for <url> says the picture was taken in <url>; is that city located on the river?,
Wikipedia,283,310105,"I might have just done a wrong revert on this art - what do you think? Small cf Singapores Changi maybe - but, ...?","I might have just done a wrong revert on this art - what do you think? Small cf Singapores Changi maybe - but, ...?",
Wikipedia,284,475927,And &lt;url&gt; targets &lt;url&gt;. Shouldn't it go to &lt;url&gt;?,And <url> targets <url>. Shouldn't it go to <url>?,
Wikipedia,285,474362,Where are the actual findings of fact and sanctions in Haiduc's case? Do they need to be tweaked?,Where are the actual findings of fact and sanctions in Haiduc's case? Do they need to be tweaked?,
Wikipedia,286,478708,"Nice work so far on your rewrite of ""The One After the Superbowl"". Are you planning on including info about the Diet Coke fiasco?","Nice work so far on your rewrite of ""The One After the Superbowl"". Are you planning on including info about the Diet Coke fiasco?",
Wikipedia,287,621793,"Oh I know, but I think that's a ''problem''. Unless there is some other cat for modem companies?","Oh I know, but I think that's a ''problem''. Unless there is some other cat for modem companies?",
Wikipedia,288,455392,I'm with you - it really is a friggin' pain that people refuse to read no matter how big you put the text. Should we just maybe remove the source entirely?,I'm with you - it really is a friggin' pain that people refuse to read no matter how big you put the text. Should we just maybe remove the source entirely?,
Wikipedia,289,97672,"Hmmm, you are basically asking me to think positively despite evidence and knowing that over this issue none good faith on part of some users was showed in past, but ok, letxb4s see how it goes. The question then is: do you consider including the discussions with outside mediation participants that happend on those talk-pages (direktor, for exemple, has been very active and enthusiastic there lately) or only the in-mediation discussions are the ones that count?","Hmmm, you are basically asking me to think positively despite evidence and knowing that over this issue none good faith on part of some users was showed in past, but ok, letxb4s see how it goes. The question then is: do you consider including the discussions with outside mediation participants that happend on those talk-pages (direktor, for exemple, has been very active and enthusiastic there lately) or only the in-mediation discussions are the ones that count?",
Wikipedia,290,625896,Noticed your nice ''&lt;url&gt;'' photograph. Perhaps you were on the Siruvani bird survey ?,Noticed your nice ''<url>'' photograph. Perhaps you were on the Siruvani bird survey ?,
Wikipedia,291,237733,"The problem remains that I don't know where to turn to educate myself further on the matter. For instance, where would I find the Tao-Green paper you mention in the article?","The problem remains that I don't know where to turn to educate myself further on the matter. For instance, where would I find the Tao-Green paper you mention in the article?",
Wikipedia,292,266502,I saw that page but was not sure if it had anything to do with any of the articles we are working on? or was this a general issue?,I saw that page but was not sure if it had anything to do with any of the articles we are working on? or was this a general issue?,
Wikipedia,293,115921,"&lt;name&gt;, you didn't reply to my message and my email. One question: if the church was built after 1700 but later ruin, for instance ruined by Beria order in 30s, can it be considered Contemporary?","<name>, you didn't reply to my message and my email. One question: if the church was built after 1700 but later ruin, for instance ruined by Beria order in 30s, can it be considered Contemporary?",
Wikipedia,294,249702,"Hi &lt;name&gt; - I've been noticing your sig on WP:CFD... this is probably something you know all about but... you do know about being able to use four tildes (&lt;nowiki&gt;~~~~&lt;/nowiki&gt;) to sign, don't you? Or have you done some fancy trick with your signature to stop it linking back to your user page?","Hi <name> - I've been noticing your sig on WP:CFD... this is probably something you know all about but... you do know about being able to use four tildes (<nowiki>~~~~</nowiki>) to sign, don't you? Or have you done some fancy trick with your signature to stop it linking back to your user page?",
Wikipedia,295,431249,Hi. Is there any chance of getting &lt;url&gt; unblocked from making edits on Wikipedia?,Hi. Is there any chance of getting <url> unblocked from making edits on Wikipedia?,
Wikipedia,296,620149,"- millions of people are using it to get help our service is free of charge. Since it's a tech support site you can't claim that it's not related to the article either (if you disagree with that just google for ""consumer electronics tech support"" see who comes first).We are here to server the community - why do you find it so offensive?","- millions of people are using it to get help our service is free of charge. Since it's a tech support site you can't claim that it's not related to the article either (if you disagree with that just google for ""consumer electronics tech support"" see who comes first).We are here to server the community - why do you find it so offensive?",
Wikipedia,297,396161,"Why am I never asked to write a feature. Is it because ""I is black""?","Why am I never asked to write a feature. Is it because ""I is black""?",
Wikipedia,298,628610,"I'm sorry, I'm having trouble understanding your question. Could you try again?","I'm sorry, I'm having trouble understanding your question. Could you try again?",
Wikipedia,299,259765,I put plural women because in the storylines it states he falls for Detective Graves. He also hits on another older woman &lt;url&gt; but that wasn't notable enough to include.. is it best to keep it singular?,I put plural women because in the storylines it states he falls for Detective Graves. He also hits on another older woman <url> but that wasn't notable enough to include.. is it best to keep it singular?,
Wikipedia,300,144711,"So I got rid of it. Have a little faith in my good judgment, okay?","So I got rid of it. Have a little faith in my good judgment, okay?",